ref_id,fonte,autor,ano,arxiv,doi,journal,titulo,raw
G001,GONZALEZ-GARCIA,J. N. Bahcall,1989,,,,,"J. N. Bahcall, NEUTRINO ASTROPHYSICS (1989), ISBN 9780521379755."
G002,GONZALEZ-GARCIA,R. N. Mohapatra and P. B. Pal,1998,,,World Sci. Lect. Notes Phys.|60|1,,"R. N. Mohapatra and P. B. Pal, World Sci. Lect. Notes Phys. 60, 1 (1998), [World Sci. Lect. Notes Phys.72,1(2004)]."
G003,GONZALEZ-GARCIA,C. W. Kim and A. Pevsner,1993,,,Contemp. Concepts Phys.|8|1,,"C. W. Kim and A. Pevsner, Contemp. Concepts Phys. 8, 1 (1993)."
G004,GONZALEZ-GARCIA,B. Kayser,1989,,,World Sci. Lect. Notes Phys.|25|1,,"B. Kayser, F. Gibrat-Debu and F. Perrier, World Sci. Lect. Notes Phys. 25, 1 (1989)."
G005,GONZALEZ-GARCIA,C. Giunti and C. W. Kim,2007,,,,,"C. Giunti and C. W. Kim, Fundamentals of Neutrino Physics and Astrophysics (2007), ISBN 9780198508717."
G006,GONZALEZ-GARCIA,M. C. Gonzalez-Garcia and Y. Nir,2003,hep-ph/0202058,,Rev. Mod. Phys.|75|345,,"M. C. Gonzalez-Garcia and Y. Nir, Rev. Mod. Phys. 75, 345 (2003), [hep-ph/0202058]."
G007,GONZALEZ-GARCIA,M. C. Gonzalez-Garcia and M. Maltoni,2008,0704.1800,,Phys. Rept.|460|1,,"M. C. Gonzalez-Garcia and M. Maltoni, Phys. Rept. 460, 1 (2008), [arXiv:0704.1800]."
G008,GONZALEZ-GARCIA,A. Pilaftsis,1992,hep-ph/9901206,,Z. Phys.|C55|275,,"A. Pilaftsis, Z. Phys. C55, 275 (1992), [hep-ph/9901206]."
G009,GONZALEZ-GARCIA,P. Minkowski,1977,,,,,"P. Minkowski, Phys. Lett. 67B, 421 (1977)."
G010,GONZALEZ-GARCIA,P. Ramond,1979,hep-ph/9809459,,,,"P. Ramond, in “International Symposium on Fundamentals of Quantum Theory and Quantum Field Theory,” (1979), [hep-ph/9809459]."
G011,GONZALEZ-GARCIA,M. Gell-Mann,1979,1306.4669,,,,"M. Gell-Mann, P. Ramond and R. Slansky, Conf. Proc. C790927, 315 (1979), [arXiv:1306.4669]."
G012,GONZALEZ-GARCIA,T. Yanagida,1979,,,,,"T. Yanagida, Conf. Proc. C 7902131, 95 (1979)."
G013,GONZALEZ-GARCIA,R. N. Mohapatra and G. Senjanovic,1980,,,Phys. Rev. Lett.|44|912,,"R. N. Mohapatra and G. Senjanovic, Phys. Rev. Lett. 44, 912 (1980)."
G014,GONZALEZ-GARCIA,J. Schechter and J. W. F. Valle,1980,,,Phys. Rev.|D21|309,,"J. Schechter and J. W. F. Valle, Phys. Rev. D21, 309 (1980)."
G015,GONZALEZ-GARCIA,J. Schechter and J. W. F. Valle,1980,,,Phys. Rev.|D22|2227,,"J. Schechter and J. W. F. Valle, Phys. Rev. D22, 2227 (1980)."
G016,GONZALEZ-GARCIA,J. Schechter and J. W. F. Valle,1981,,,Phys. Rev.|D24|1883,,"J. Schechter and J. W. F. Valle, Phys. Rev. D24, 1883 (1981), [Erratum: Phys. Rev.D25,283(1982)]."
G017,GONZALEZ-GARCIA,Z. Maki,1962,,,Prog. Theor. Phys.|28|870,,"Z. Maki, M. Nakagawa and S. Sakata, Prog. Theor. Phys. 28, 870 (1962)."
G018,GONZALEZ-GARCIA,Y. Katayama et al.,1962,,,Prog. Theor. Phys.|28|675,,"Y. Katayama et al., Prog. Theor. Phys. 28, 675 (1962)."
G019,GONZALEZ-GARCIA,B. Pontecorvo,1967,,,Zh. Eksp. Teor. Fiz.|53|1717,,"B. Pontecorvo, Zh. Eksp. Teor. Fiz. 53, 1717 (1967)."
G020,GONZALEZ-GARCIA,N. Cabibbo,1963,,,Phys. Rev. Lett.|10|531,,"N. Cabibbo, Phys. Rev. Lett. 10, 531 (1963)."
G021,GONZALEZ-GARCIA,M. Kobayashi and T. Maskawa,1973,,,Prog. Theor. Phys.|49|652,,"M. Kobayashi and T. Maskawa, Prog. Theor. Phys. 49, 652 (1973)."
G022,GONZALEZ-GARCIA,S. Antusch et al.,2006,hep-ph/0607020,,JHEP|10|084,,"S. Antusch et al., JHEP 10, 084 (2006), [hep-ph/0607020]."
G023,GONZALEZ-GARCIA,S. Antusch and O. Fischer,2014,1407.6607,,JHEP|10|094,,"S. Antusch and O. Fischer, JHEP 10, 094 (2014), [arXiv:1407.6607]."
G024,GONZALEZ-GARCIA,V. N. Gribov and B. Pontecorvo,1969,,,,,"V. N. Gribov and B. Pontecorvo, Phys. Lett. 28B, 493 (1969)."
G025,GONZALEZ-GARCIA,E. Akhmedov,2019,1901.05232,,,,"E. Akhmedov, in “International Conference on History of the Neutrino: 1930-2018 Paris, France, September 5-7, 2018,” (2019), [arXiv:1901.05232]."
G026,GONZALEZ-GARCIA,L. Wolfenstein,1978,,,Phys. Rev. D|17|2369,,"L. Wolfenstein, Phys. Rev. D 17, 2369 (1978)."
G027,GONZALEZ-GARCIA,A. Halprin,1986,,,Phys. Rev.|D34|3462,,"A. Halprin, Phys. Rev. D34, 3462 (1986)."
G028,GONZALEZ-GARCIA,A. J. Baltz and J. Weneser,1988,,,Phys. Rev.|D37|3364,,"A. J. Baltz and J. Weneser, Phys. Rev. D37, 3364 (1988)."
G029,GONZALEZ-GARCIA,P. D. Mannheim,1988,,,Phys. Rev.|D37|1935,,"P. D. Mannheim, Phys. Rev. D37, 1935 (1988)."
G030,GONZALEZ-GARCIA,L. Landau,1932,,,Phys. Z. Sov.|2|46,,"L. Landau, Phys. Z. Sov. 2, 46 (1932)."
G031,GONZALEZ-GARCIA,C. Zener,1932,,,Proc. Roy. Soc. Lond.|A137|696,,"C. Zener, Proc. Roy. Soc. Lond. A137, 696 (1932)."
G032,GONZALEZ-GARCIA,E. Majorana,1932,,,Nuovo Cim.|9|43,,"E. Majorana, Nuovo Cim. 9, 43 (1932)."
G033,GONZALEZ-GARCIA,E. C. G. Stueckelberg,1932,,,Helv. Phys. Acta|5|369,,"E. C. G. Stueckelberg, Helv. Phys. Acta 5, 369 (1932)."
G034,GONZALEZ-GARCIA,T.-K. Kuo and J. T. Pantaleone,1989,,,Rev. Mod. Phys.|61|937,,"T.-K. Kuo and J. T. Pantaleone, Rev. Mod. Phys. 61, 937 (1989)."
G035,GONZALEZ-GARCIA,S. J. Parke,1986,,,Phys. Rev. Lett.|57|1275,,"S. J. Parke, Phys. Rev. Lett. 57, 1275 (1986)."
G036,GONZALEZ-GARCIA,W. C. Haxton,1986,,,Phys. Rev. Lett.|57|1271,,"W. C. Haxton, Phys. Rev. Lett. 57, 1271 (1986)."
G037,GONZALEZ-GARCIA,S. T. Petcov,1987,,,Phys. Lett. B|191|299,,"S. T. Petcov, Phys. Lett. B 191, 299 (1987)."
G038,GONZALEZ-GARCIA,S. P. Mikheyev and A. Y. Smirnov,1985,,,Sov. J. Nucl. Phys.|42|913,,"S. P. Mikheyev and A. Y. Smirnov, Sov. J. Nucl. Phys. 42, 913 (1985)."
G039,GONZALEZ-GARCIA,J. N. Bahcall et al.,1982,,,Rev. Mod. Phys.|54|767,,"J. N. Bahcall et al., Rev. Mod. Phys. 54, 767 (1982)."
G040,GONZALEZ-GARCIA,J. N. Bahcall,2005,astro-ph/0412440,,,,"J. N. Bahcall, A. M. Serenelli and S. Basu, Astrophys. J. 621, L85 (2005), [arXiv:astro-ph/0412440]."
G041,GONZALEZ-GARCIA,A. M. Serenelli,2011,1104.1639,,Astrophys. J.|743|24,,"A. M. Serenelli, W. C. Haxton and C. Pena-Garay, Astrophys. J. 743, 24 (2011), [arXiv:1104.1639]."
G042,GONZALEZ-GARCIA,F. L. Villante,2015,1410.2796,,Phys. Lett.|B742|279,,"F. L. Villante, Phys. Lett. B742, 279 (2015), [arXiv:1410.2796]."
G043,GONZALEZ-GARCIA,A. Serenelli,2016,1601.07179,,,,"A. Serenelli, Eur. Phys. J. A52, 4, 78 (2016), [arXiv:1601.07179]."
G044,GONZALEZ-GARCIA,R. Davis,1968,,,Phys. Rev. Lett.|20|1205,,"R. Davis, Jr., D. S. Harmer and K. C. Hoffman, Phys. Rev. Lett. 20, 1205 (1968)."
G045,GONZALEZ-GARCIA,B. T. Cleveland et al.,1998,,,Astrophys. J.|496|505,,"B. T. Cleveland et al., Astrophys. J. 496, 505 (1998)."
G046,GONZALEZ-GARCIA,C. Pena-Garay and A. Serenelli (2008),2008,0811.2424,,,,"C. Pena-Garay and A. Serenelli (2008), [arXiv:0811.2424]."
G047,GONZALEZ-GARCIA,J. N. Abdurashitov et al. (SAGE),2002,astro-ph/0204245,,J. Exp. Theor. Phys.|95|181,,"J. N. Abdurashitov et al. (SAGE), J. Exp. Theor. Phys. 95, 181 (2002), [Zh. Eksp. Teor. Fiz.122,211(2002)], [arXiv:astro-ph/0204245]."
G048,GONZALEZ-GARCIA,W. Hampel et al. (GALLEX),1999,,,Phys. Lett.|B447|127,,"W. Hampel et al. (GALLEX), Phys. Lett. B447, 127 (1999)."
G049,GONZALEZ-GARCIA,M. Altmann et al. (GNO),2005,hep-ex/0504037,,Phys. Lett.|B616|174,,"M. Altmann et al. (GNO), Phys. Lett. B616, 174 (2005), [hep-ex/0504037]."
G050,GONZALEZ-GARCIA,J. N. Abdurashitov et al. (SAGE),2009,0901.2200,,Phys. Rev.|C80|015807,,"J. N. Abdurashitov et al. (SAGE), Phys. Rev. C80, 015807 (2009), [arXiv:0901.2200]."
G051,GONZALEZ-GARCIA,K. S. Hirata et al. (Kamiokande-II),1989,,,Phys. Rev. Lett.|63|16,,"K. S. Hirata et al. (Kamiokande-II), Phys. Rev. Lett. 63, 16 (1989)."
G052,GONZALEZ-GARCIA,Y. Fukuda et al. (Kamiokande),1996,,,Phys. Rev. Lett.|77|1683,,"Y. Fukuda et al. (Kamiokande), Phys. Rev. Lett. 77, 1683 (1996)."
G053,GONZALEZ-GARCIA,Y. Fukuda et al. (Super-Kamiokande),1998,hep-ex/9805021,,Phys. Rev. Lett.|81|1158,,"Y. Fukuda et al. (Super-Kamiokande), Phys. Rev. Lett. 81, 1158 (1998), [Erratum: Phys.Rev.Lett. 81, 4279 (1998)], [hep-ex/9805021]."
G054,GONZALEZ-GARCIA,K. Abe et al. (Super-Kamiokande),2016,1606.07538,,,,"K. Abe et al. (Super-Kamiokande), Phys. Rev. D 94, 5, 052010 (2016), [arXiv:1606.07538]."
G055,GONZALEZ-GARCIA,N. Vinyoles et al.,2017,1611.09867,,,,"N. Vinyoles et al., Astrophys. J. 835, 2, 202 (2017), [arXiv:1611.09867]."
G056,GONZALEZ-GARCIA,S. Fukuda et al. (Super-Kamiokande),2001,hep-ex/0103033,,Phys. Rev. Lett.|86|5656,,"S. Fukuda et al. (Super-Kamiokande), Phys. Rev. Lett. 86, 5656 (2001), [hep-ex/0103033]."
G057,GONZALEZ-GARCIA,H. H. Chen,1985,,,Phys. Rev. Lett.|55|1534,,"H. H. Chen, Phys. Rev. Lett. 55, 1534 (1985)."
G058,GONZALEZ-GARCIA,B. Aharmim et al. (SNO),2005,nucl-ex/0502021,,Phys. Rev.|C72|055502,,"B. Aharmim et al. (SNO), Phys. Rev. C72, 055502 (2005), [arXiv:nucl-ex/0502021]."
G059,GONZALEZ-GARCIA,S. Fukuda et al. (Super-Kamiokande),2002,hep-ex/0205075,,Phys. Lett.|B539|179,,"S. Fukuda et al. (Super-Kamiokande), Phys. Lett. B539, 179 (2002), [hep-ex/0205075]."
G060,GONZALEZ-GARCIA,Q. R. Ahmad et al. (SNO),2001,nucl-ex/0106015,,Phys. Rev. Lett.|87|071301,,"Q. R. Ahmad et al. (SNO), Phys. Rev. Lett. 87, 071301 (2001), [arXiv:nucl-ex/0106015]."
G061,GONZALEZ-GARCIA,S. Fukuda et al. (Super-Kamiokande),2001,hep-ex/0103032,,Phys. Rev. Lett.|86|5651,,"S. Fukuda et al. (Super-Kamiokande), Phys. Rev. Lett. 86, 5651 (2001), [hep-ex/0103032]."
G062,GONZALEZ-GARCIA,Q. R. Ahmad et al. (SNO),2002,nucl-ex/0204008,,Phys. Rev. Lett.|89|011301,,"Q. R. Ahmad et al. (SNO), Phys. Rev. Lett. 89, 011301 (2002), [arXiv:nucl-ex/0204008]."
G063,GONZALEZ-GARCIA,B. Aharmim et al. (SNO),2013,1109.0763,,Phys. Rev.|C88|025501,,"B. Aharmim et al. (SNO), Phys. Rev. C88, 025501 (2013), [arXiv:1109.0763]."
G064,GONZALEZ-GARCIA,J. Bergstrom et al.,2016,1601.00972,,JHEP|03|132,,"J. Bergstrom et al., JHEP 03, 132 (2016), [arXiv:1601.00972]."
G065,GONZALEZ-GARCIA,C. Arpesella et al. (Borexino),2008,0708.2251,,Phys. Lett. B|658|101,,"C. Arpesella et al. (Borexino), Phys. Lett. B 658, 101 (2008), [arXiv:0708.2251]."
G066,GONZALEZ-GARCIA,G. Bellini et al. (Borexino),2012,1110.3230,,Phys. Rev. Lett.|108|051302,,"G. Bellini et al. (Borexino), Phys. Rev. Lett. 108, 051302 (2012), [arXiv:1110.3230]."
G067,GONZALEZ-GARCIA,M. Agostini et al. (BOREXINO),2018,,,,,"M. Agostini et al. (BOREXINO), Nature 562, 7728, 505 (2018)."
G068,GONZALEZ-GARCIA,M. Agostini et al. (BOREXINO),2020,2006.15115,,Nature|587|577,,"M. Agostini et al. (BOREXINO), Nature 587, 577 (2020), [arXiv:2006.15115]."
G069,GONZALEZ-GARCIA,G. Bellini et al. (Borexino),2010,0808.2868,,Phys. Rev. D|82|033006,,"G. Bellini et al. (Borexino), Phys. Rev. D 82, 033006 (2010), [arXiv:0808.2868]."
G070,GONZALEZ-GARCIA,M. Agostini et al. (Borexino),2019,1707.09279,,,,"M. Agostini et al. (Borexino), Phys. Rev. D 100, 8, 082004 (2019), [arXiv:1707.09279]."
G071,GONZALEZ-GARCIA,M. Agostini et al. (Borexino),2020,1709.00756,,,,"M. Agostini et al. (Borexino), Phys. Rev. D 101, 6, 062001 (2020), [arXiv:1709.00756]."
G072,GONZALEZ-GARCIA,S. Abe et al. (KamLAND),2011,1106.0861,,Phys. Rev.|C84|035804,,"S. Abe et al. (KamLAND), Phys. Rev. C84, 035804 (2011), [arXiv:1106.0861]."
G073,GONZALEZ-GARCIA,A. Gando et al. (KamLAND),2015,1405.6190,,,,"A. Gando et al. (KamLAND), Phys. Rev. C92, 5, 055808 (2015), [arXiv:1405.6190]."
G074,GONZALEZ-GARCIA,M. Honda et al.,2015,1502.03916,,,,"M. Honda et al., Phys. Rev. D92, 2, 023004 (2015), [arXiv:1502.03916]."
G075,GONZALEZ-GARCIA,G. D. Barr et al.,2006,astro-ph/0611266,,Phys. Rev.|D74|094009,,"G. D. Barr et al., Phys. Rev. D74, 094009 (2006), [arXiv:astro-ph/0611266]."
G076,GONZALEZ-GARCIA,G. Battistoni et al.,2003,hep-ph/0207035,,Astropart. Phys.|19|269,,"G. Battistoni et al., Astropart. Phys. 19, 269 (2003), [Erratum: Astropart. Phys.19,291(2003)], [hep-ph/0207035]."
G077,GONZALEZ-GARCIA,J. Evans et al.,2017,1612.03219,,,,"J. Evans et al., Phys. Rev. D95, 2, 023012 (2017), [arXiv:1612.03219]."
G078,GONZALEZ-GARCIA,C. V. Achar et al.,1965,,,Phys. Lett.|18|196,,"C. V. Achar et al., Phys. Lett. 18, 196 (1965)."
G079,GONZALEZ-GARCIA,F. Reines et al.,1965,,,Phys. Rev. Lett.|15|429,,"F. Reines et al., Phys. Rev. Lett. 15, 429 (1965)."
G080,GONZALEZ-GARCIA,K. S. Hirata et al. (Kamiokande-II),1988,,,Phys. Lett. B|205|416,,"K. S. Hirata et al. (Kamiokande-II), Phys. Lett. B 205, 416 (1988)."
G081,GONZALEZ-GARCIA,D. Casper et al.,1991,,,Phys. Rev. Lett.|66|2561,,"D. Casper et al., Phys. Rev. Lett. 66, 2561 (1991)."
G082,GONZALEZ-GARCIA,K. Daum et al. (Frejus),1995,,,Z. Phys.|C66|417,,"K. Daum et al. (Frejus), Z. Phys. C66, 417 (1995)."
G083,GONZALEZ-GARCIA,M. Aglietta et al. (NUSEX),1989,,,Europhys. Lett.|8|611,,"M. Aglietta et al. (NUSEX), Europhys. Lett. 8, 611 (1989)."
G084,GONZALEZ-GARCIA,K. S. Hirata et al. (Kamiokande-II),1992,,,Phys. Lett.|B280|146,,"K. S. Hirata et al. (Kamiokande-II), Phys. Lett. B280, 146 (1992)."
G085,GONZALEZ-GARCIA,Y. Fukuda et al. (Kamiokande),1994,,,Phys. Lett.|B335|237,,"Y. Fukuda et al. (Kamiokande), Phys. Lett. B335, 237 (1994)."
G086,GONZALEZ-GARCIA,Y. Fukuda et al. (Super-Kamiokande),1998,hep-ex/9807003,,Phys. Rev. Lett.|81|1562,,"Y. Fukuda et al. (Super-Kamiokande), Phys. Rev. Lett. 81, 1562 (1998), [hep-ex/9807003]."
G087,GONZALEZ-GARCIA,M. Ambrosio et al. (MACRO),2001,hep-ex/0106049,,Phys. Lett.|B517|59,,"M. Ambrosio et al. (MACRO), Phys. Lett. B517, 59 (2001), [hep-ex/0106049]."
G088,GONZALEZ-GARCIA,M. C. Sanchez et al. (Soudan 2),2003,hep-ex/0307069,,Phys. Rev.|D68|113004,,"M. C. Sanchez et al. (Soudan 2), Phys. Rev. D68, 113004 (2003), [hep-ex/0307069]."
G089,GONZALEZ-GARCIA,V. D. Barger et al.,1999,astro-ph/9810121,,Phys. Rev. Lett.|82|2640,,"V. D. Barger et al., Phys. Rev. Lett. 82, 2640 (1999), [arXiv:astro-ph/9810121]."
G090,GONZALEZ-GARCIA,E. Lisi,2000,hep-ph/0002053,,Phys. Rev. Lett.|85|1166,,"E. Lisi, A. Marrone and D. Montanino, Phys. Rev. Lett. 85, 1166 (2000), [hep-ph/0002053]."
G091,GONZALEZ-GARCIA,Y. Ashie et al. (Super-Kamiokande),2004,hep-ex/0404034,,Phys. Rev. Lett.|93|101801,,"Y. Ashie et al. (Super-Kamiokande), Phys. Rev. Lett. 93, 101801 (2004), [hep-ex/0404034]."
G092,GONZALEZ-GARCIA,Z. Li et al. (Super-Kamiokande),2018,1711.09436,,,,"Z. Li et al. (Super-Kamiokande), Phys. Rev. D98, 5, 052006 (2018), [arXiv:1711.09436]."
G093,GONZALEZ-GARCIA,M. G. Aartsen et al. (IceCube),2019,1901.05366,,,,"M. G. Aartsen et al. (IceCube), Phys. Rev. D99, 3, 032007 (2019), [arXiv:1901.05366]."
G094,GONZALEZ-GARCIA,K. Abe et al. (Super-Kamiokande),2018,1710.09126,,,,"K. Abe et al. (Super-Kamiokande), Phys. Rev. D97, 7, 072001 (2018), [arXiv:1710.09126]."
G095,GONZALEZ-GARCIA,A. Albert et al. (ANTARES),2019,1812.08650,,JHEP|06|113,,"A. Albert et al. (ANTARES), JHEP 06, 113 (2019), [arXiv:1812.08650]."
G096,GONZALEZ-GARCIA,R. Abbasi et al. ((IceCube Collaboration)k,2025,2405.02163,,,,"R. Abbasi et al. ((IceCube Collaboration)k, IceCube), Phys. Rev. Lett. 134, 9, 091801 (2025), [arXiv:2405.02163]."
G097,GONZALEZ-GARCIA,M. G. Aartsen et al. (IceCube-Gen2),2021,2008.04323,,,,"M. G. Aartsen et al. (IceCube-Gen2), J. Phys. G 48, 6, 060501 (2021), [arXiv:2008.04323]."
G098,GONZALEZ-GARCIA,S. Adrian-Martinez et al. (KM3Net),2016,1601.07459,,,,"S. Adrian-Martinez et al. (KM3Net), J. Phys. G43, 8, 084001 (2016), [arXiv:1601.07459]."
G099,GONZALEZ-GARCIA,S. Aiello et al. (KM3NeT),2024,2408.07015,,JHEP|10|206,,"S. Aiello et al. (KM3NeT), JHEP 10, 206 (2024), [arXiv:2408.07015]."
G100,GONZALEZ-GARCIA,S. Ahmed et al. (ICAL),2017,1505.07380,,,,"S. Ahmed et al. (ICAL), Pramana 88, 5, 79 (2017), [arXiv:1505.07380]."
G101,GONZALEZ-GARCIA,K. Abe et al. (Hyper-Kamiokande) (2018),2018,1805.04163,,,,"K. Abe et al. (Hyper-Kamiokande) (2018), [arXiv:1805.04163]."
G102,GONZALEZ-GARCIA,B. Abi et al. (DUNE),2020,2002.02967,,,,"B. Abi et al. (DUNE), JINST 15, 08, T08008 (2020), [arXiv:2002.02967]."
G103,GONZALEZ-GARCIA,S. E. Kopp,2007,physics/0609129,,Phys. Rept.|439|101,,"S. E. Kopp, Phys. Rept. 439, 101 (2007), [arXiv:physics/0609129]."
G104,GONZALEZ-GARCIA,S. van der Meer (1961),1961,,,,,"S. van der Meer (1961), CERN-61-07."
G105,GONZALEZ-GARCIA,D. G. Michael et al. (MINOS),2008,0805.3170,,Nucl. Instrum. Meth. A|596|190,,"D. G. Michael et al. (MINOS), Nucl. Instrum. Meth. A 596, 190 (2008), [arXiv:0805.3170]."
G106,GONZALEZ-GARCIA,S. H. Ahn et al. (K2K),2001,hep-ex/0103001,,Phys. Lett. B|511|178,,"S. H. Ahn et al. (K2K), Phys. Lett. B 511, 178 (2001), [hep-ex/0103001]."
G107,GONZALEZ-GARCIA,D. Beavis et al. (E899) (1995),1995,,,,,"D. Beavis et al. (E899) (1995), BNL-52459."
G108,GONZALEZ-GARCIA,K. Abe et al. (T2K),2011,1106.1238,,Nucl. Instrum. Meth. A|659|106,,"K. Abe et al. (T2K), Nucl. Instrum. Meth. A 659, 106 (2011), [arXiv:1106.1238]."
G109,GONZALEZ-GARCIA,D. S. Ayres et al. (NOvA) (2007).,2007,,,,,D. S. Ayres et al. (NOvA) (2007).
G110,GONZALEZ-GARCIA,M. G. Catanesi et al. (HARP),2007,,,Nucl. Instrum. Meth.|A571|527,,"M. G. Catanesi et al. (HARP), Nucl. Instrum. Meth. A571, 527 (2007)."
G111,GONZALEZ-GARCIA,J. M. Paley et al. (MIPP),2014,1404.5882,,,,"J. M. Paley et al. (MIPP), Phys. Rev. D90, 3, 032001 (2014), [arXiv:1404.5882]."
G112,GONZALEZ-GARCIA,N. Abgrall et al. (NA61),2014,1401.4699,,,,"N. Abgrall et al. (NA61), JINST 9, P06005 (2014), [arXiv:1401.4699]."
G113,GONZALEZ-GARCIA,M. Pavin et al. (EMPHATIC),2022,2106.15723,,,,"M. Pavin et al. (EMPHATIC), Phys. Rev. D 106, 11, 112008 (2022), [arXiv:2106.15723]."
G114,GONZALEZ-GARCIA,N. Abgrall et al. (NA61/SHINE),2016,1510.02703,,,,"N. Abgrall et al. (NA61/SHINE), Eur. Phys. J. C 76, 2, 84 (2016), [arXiv:1510.02703]."
G115,GONZALEZ-GARCIA,N. Abgrall et al. (NA61/SHINE),2019,1808.04927,,,,"N. Abgrall et al. (NA61/SHINE), Eur. Phys. J. C 79, 2, 100 (2019), [arXiv:1808.04927]."
G116,GONZALEZ-GARCIA,H. Adhikary et al. (NA61/SHINE) (2023),2023,2306.02961,,,,"H. Adhikary et al. (NA61/SHINE) (2023), [arXiv:2306.02961]."
G117,GONZALEZ-GARCIA,M. H. Ahn et al. (K2K),2006,hep-ex/0606032,,Phys. Rev.|D74|072003,,"M. H. Ahn et al. (K2K), Phys. Rev. D74, 072003 (2006), [hep-ex/0606032]."
G118,GONZALEZ-GARCIA,P. Adamson et al. (MINOS),2014,1403.0867,,Phys. Rev. Lett.|112|191801,,"P. Adamson et al. (MINOS), Phys. Rev. Lett. 112, 191801 (2014), [arXiv:1403.0867]."
G119,GONZALEZ-GARCIA,P. Adamson et al. (MINOS+),2020,2006.15208,,,,"P. Adamson et al. (MINOS+), Phys. Rev. Lett. 125, 13, 131802 (2020), [arXiv:2006.15208]."
G120,GONZALEZ-GARCIA,N. Agafonova et al. (OPERA),2018,1804.04912,,,,"N. Agafonova et al. (OPERA), Phys. Rev. Lett. 120, 21, 211801 (2018), [Erratum: Phys. Rev. Lett.121,no.13,139901(2018)], [arXiv:1804.04912]."
G121,GONZALEZ-GARCIA,C. Rubbia et al.,2011,1106.0975,,,,"C. Rubbia et al., JINST 6, P07011 (2011), [arXiv:1106.0975]."
G122,GONZALEZ-GARCIA,K. Abe et al. (T2K),2011,1106.2822,,Phys. Rev. Lett.|107|041801,,"K. Abe et al. (T2K), Phys. Rev. Lett. 107, 041801 (2011), [arXiv:1106.2822]."
G123,GONZALEZ-GARCIA,K. Abe et al. (T2K),2014,1311.4750,,Phys. Rev. Lett.|112|061802,,"K. Abe et al. (T2K), Phys. Rev. Lett. 112, 061802 (2014), [arXiv:1311.4750]."
G124,GONZALEZ-GARCIA,K. Abe et al. (T2K),2023,2303.03222,,,,"K. Abe et al. (T2K), Eur. Phys. J. C 83, 9, 782 (2023), [arXiv:2303.03222]."
G125,GONZALEZ-GARCIA,P. Adamson et al. (NOvA),2017,1703.03328,,,,"P. Adamson et al. (NOvA), Phys. Rev. Lett. 118, 23, 231801 (2017), [arXiv:1703.03328]."
G126,GONZALEZ-GARCIA,M. A. Acero et al. (NOvA),2019,1906.04907,,,,"M. A. Acero et al. (NOvA), Phys. Rev. Lett. 123, 15, 151803 (2019), [arXiv:1906.04907]."
G127,GONZALEZ-GARCIA,M. A. Acero et al. (NOvA),2022,2108.08219,,,,"M. A. Acero et al. (NOvA), Phys. Rev. D 106, 3, 032004 (2022), [arXiv:2108.08219]."
G128,GONZALEZ-GARCIA,A. Aguilar-Arevalo et al. (LSND),2001,hep-ex/0104049,,Phys. Rev.|D64|112007,,"A. Aguilar-Arevalo et al. (LSND), Phys. Rev. D64, 112007 (2001), [hep-ex/0104049]."
G129,GONZALEZ-GARCIA,B. Armbruster et al. (KARMEN),2002,hep-ex/0203021,,Phys. Rev.|D65|112001,,"B. Armbruster et al. (KARMEN), Phys. Rev. D65, 112001 (2002), [hep-ex/0203021]."
G130,GONZALEZ-GARCIA,A. A. Aguilar-Arevalo et al. (MiniBooNE),2021,2006.16883,,,,"A. A. Aguilar-Arevalo et al. (MiniBooNE), Phys. Rev. D 103, 5, 052002 (2021), [arXiv:2006.16883]."
G131,GONZALEZ-GARCIA,M. Antonello et al. (MicroBooNE,2015,1503.01520,,,,"M. Antonello et al. (MicroBooNE, LAr1-ND, ICARUS-WA104) (2015), [arXiv:1503.01520]."
G132,GONZALEZ-GARCIA,P. Abratenko et al. (MicroBooNE),2022,2110.14054,,,,"P. Abratenko et al. (MicroBooNE), Phys. Rev. Lett. 128, 24, 241801 (2022), [arXiv:2110.14054]."
G133,GONZALEZ-GARCIA,P. Abratenko et al. (MicroBooNE),2023,2210.10216,,,,"P. Abratenko et al. (MicroBooNE), Phys. Rev. Lett. 130, 1, 011801 (2023), [arXiv:2210.10216]."
G134,GONZALEZ-GARCIA,S. Ajimura et al. (JSNS2),2021,2104.13169,,Nucl. Instrum. Meth. A|1014|165742,,"S. Ajimura et al. (JSNS2), Nucl. Instrum. Meth. A 1014, 165742 (2021), [arXiv:2104.13169]."
G135,GONZALEZ-GARCIA,F. Von Feilitzsch,1982,,,,,"F. Von Feilitzsch, A. A. Hahn and K. Schreckenbach, Phys. Lett. 118B, 162 (1982)."
G136,GONZALEZ-GARCIA,K. Schreckenbach et al.,1985,,,,,"K. Schreckenbach et al., Phys. Lett. 160B, 325 (1985)."
G137,GONZALEZ-GARCIA,A. A. Hahn et al.,1989,,,Phys. Lett.|B218|365,,"A. A. Hahn et al., Phys. Lett. B218, 365 (1989)."
G138,GONZALEZ-GARCIA,P. Vogel et al.,1981,,,Phys. Rev.|C24|1543,,"P. Vogel et al., Phys. Rev. C24, 1543 (1981)."
G139,GONZALEZ-GARCIA,T. A. Mueller et al.,2011,1101.2663,,Phys. Rev.|C83|054615,,"T. A. Mueller et al., Phys. Rev. C83, 054615 (2011), [arXiv:1101.2663]."
G140,GONZALEZ-GARCIA,P. Huber,2011,1106.0687,,Phys. Rev.|C84|024617,,"P. Huber, Phys. Rev. C84, 024617 (2011), [Erratum: Phys. Rev.C85,029901(2012)], [arXiv:1106.0687]."
G141,GONZALEZ-GARCIA,F. P. An et al. (Daya Bay),2016,1508.04233,,,,"F. P. An et al. (Daya Bay), Phys. Rev. Lett. 116, 6, 061801 (2016), [Erratum: Phys. Rev. Lett.118,no.9,099902(2017)], [arXiv:1508.04233]."
G142,GONZALEZ-GARCIA,F. P. An et al. (Daya Bay),2017,1704.01082,,,,"F. P. An et al. (Daya Bay), Phys. Rev. Lett. 118, 25, 251801 (2017), [arXiv:1704.01082]."
G143,GONZALEZ-GARCIA,D. Adey et al. (Daya Bay),2019,1808.10836,,,,"D. Adey et al. (Daya Bay), Phys. Rev. D 100, 5, 052004 (2019), [arXiv:1808.10836]."
G144,GONZALEZ-GARCIA,F. P. An et al. (Daya Bay),2025,2501.00746,,,,"F. P. An et al. (Daya Bay), Phys. Rev. Lett. 134, 20, 201802 (2025), [arXiv:2501.00746]."
G145,GONZALEZ-GARCIA,V. Kopeikin,2021,2103.01684,,,,"V. Kopeikin, M. Skorokhvatov and O. Titov, Phys. Rev. D 104, 7, L071301 (2021), [arXiv:2103.01684]."
G146,GONZALEZ-GARCIA,M. Estienne et al.,2019,1904.09358,,,,"M. Estienne et al., Phys. Rev. Lett. 123, 2, 022502 (2019), [arXiv:1904.09358]."
G147,GONZALEZ-GARCIA,L. Hayen et al.,2019,1908.08302,,,,"L. Hayen et al., Phys. Rev. C 100, 5, 054323 (2019), [arXiv:1908.08302]."
G148,GONZALEZ-GARCIA,G. Bak et al. (RENO),2018,1806.00248,,,,"G. Bak et al. (RENO), Phys. Rev. Lett. 121, 20, 201801 (2018), [arXiv:1806.00248]."
G149,GONZALEZ-GARCIA,H. de Kerret et al. (Double Chooz),2020,1901.09445,,,,"H. de Kerret et al. (Double Chooz), Nature Phys. 16, 5, 558 (2020), [arXiv:1901.09445]."
G150,GONZALEZ-GARCIA,Y. J. Ko et al. (NEOS),2017,1610.05134,,,,"Y. J. Ko et al. (NEOS), Phys. Rev. Lett. 118, 12, 121802 (2017), [arXiv:1610.05134]."
G151,GONZALEZ-GARCIA,K. Eguchi et al. (KamLAND),2003,hep-ex/0212021,,Phys. Rev. Lett.|90|021802,,"K. Eguchi et al. (KamLAND), Phys. Rev. Lett. 90, 021802 (2003), [hep-ex/0212021]."
G152,GONZALEZ-GARCIA,T. Araki et al. (KamLAND),2005,hep-ex/0406035,,Phys. Rev. Lett.|94|081801,,"T. Araki et al. (KamLAND), Phys. Rev. Lett. 94, 081801 (2005), [hep-ex/0406035]."
G153,GONZALEZ-GARCIA,A. Gando et al. (KamLAND),2013,1303.4667,,,,"A. Gando et al. (KamLAND), Phys. Rev. D88, 3, 033001 (2013), [arXiv:1303.4667]."
G154,GONZALEZ-GARCIA,Y. Abe et al. (Double Chooz),2012,1112.6353,,Phys. Rev. Lett.|108|131801,,"Y. Abe et al. (Double Chooz), Phys. Rev. Lett. 108, 131801 (2012), [arXiv:1112.6353]."
G155,GONZALEZ-GARCIA,F. P. An et al. (Daya Bay),2012,1203.1669,,Phys. Rev. Lett.|108|171803,,"F. P. An et al. (Daya Bay), Phys. Rev. Lett. 108, 171803 (2012), [arXiv:1203.1669]."
G156,GONZALEZ-GARCIA,J. K. Ahn et al. (RENO),2012,1204.0626,,Phys. Rev. Lett.|108|191802,,"J. K. Ahn et al. (RENO), Phys. Rev. Lett. 108, 191802 (2012), [arXiv:1204.0626]."
G157,GONZALEZ-GARCIA,F. P. An et al. (Daya Bay),2023,2211.14988,,,,"F. P. An et al. (Daya Bay), Phys. Rev. Lett. 130, 16, 161802 (2023), [arXiv:2211.14988]."
G158,GONZALEZ-GARCIA,S. Jeon et al. (RENO),2025,,,,,"S. Jeon et al. (RENO), Phys. Rev. D 111, 11, 112006 (2025)."
G159,GONZALEZ-GARCIA,A. Abusleme et al. (JUNO),2022,2104.02565,,Prog. Part. Nucl. Phys.|123|103927,,"A. Abusleme et al. (JUNO), Prog. Part. Nucl. Phys. 123, 103927 (2022), [arXiv:2104.02565]."
G160,GONZALEZ-GARCIA,A. Abusleme et al. (JUNO),2022,2204.13249,,,,"A. Abusleme et al. (JUNO), Chin. Phys. C 46, 12, 123001 (2022), [arXiv:2204.13249]."
G161,GONZALEZ-GARCIA,Z. Atif et al. (RENO,2022,2011.00896,,,,"Z. Atif et al. (RENO, NEOS), Phys. Rev. D 105, 11, L111101 (2022), [arXiv:2011.00896]."
G162,GONZALEZ-GARCIA,I. Alekseev et al. (DANSS),2018,1804.04046,,Phys. Lett.|B787|56,,"I. Alekseev et al. (DANSS), Phys. Lett. B787, 56 (2018), [arXiv:1804.04046]."
G163,GONZALEZ-GARCIA,H. Almazán et al. (STEREO),2020,1912.06582,,,,"H. Almazán et al. (STEREO), Phys. Rev. D 102, 5, 052002 (2020), [arXiv:1912.06582]."
G164,GONZALEZ-GARCIA,H. Almazán et al. (STEREO),2023,2210.07664,,,,"H. Almazán et al. (STEREO), Nature 613, 7943, 257 (2023), [arXiv:2210.07664]."
G165,GONZALEZ-GARCIA,M. Andriamirado et al. (PROSPECT),2021,2006.11210,,,,"M. Andriamirado et al. (PROSPECT), Phys. Rev. D 103, 3, 032001 (2021), [arXiv:2006.11210]."
G166,GONZALEZ-GARCIA,A. P. Serebrov et al. (NEUTRINO-4),2019,1809.10561,,,,"A. P. Serebrov et al. (NEUTRINO-4), Pisma Zh. Eksp. Teor. Fiz. 109, 4, 209 (2019), [JETP Lett.109,no.4,213(2019)], [arXiv:1809.10561]."
G167,GONZALEZ-GARCIA,A. P. Serebrov et al.,2021,2005.05301,,,,"A. P. Serebrov et al., Phys. Rev. D 104, 3, 032003 (2021), [arXiv:2005.05301]."
G168,GONZALEZ-GARCIA,Y. Abreu et al. (SoLid),2021,2002.05914,,,,"Y. Abreu et al. (SoLid), JINST 16, 02, P02025 (2021), [arXiv:2002.05914]."
G169,GONZALEZ-GARCIA,N. Cabibbo,1978,,,,,"N. Cabibbo, Phys. Lett. 72B, 333 (1978)."
G170,GONZALEZ-GARCIA,S. M. Bilenky,1980,,,,,"S. M. Bilenky, J. Hosek and S. T. Petcov, Phys. Lett. 94B, 495 (1980)."
G171,GONZALEZ-GARCIA,V. D. Barger,1980,,,Phys. Rev. Lett.|45|2084,,"V. D. Barger, K. Whisnant and R. J. N. Phillips, Phys. Rev. Lett. 45, 2084 (1980)."
G172,GONZALEZ-GARCIA,P. Langacker et al.,1987,,,Nucl. Phys.|B282|589,,"P. Langacker et al., Nucl. Phys. B282, 589 (1987)."
G173,GONZALEZ-GARCIA,S. Goswami and A. Yu. Smirnov,2005,hep-ph/0411359,,Phys. Rev.|D72|053011,,"S. Goswami and A. Yu. Smirnov, Phys. Rev. D72, 053011 (2005), [hep-ph/0411359]."
G174,GONZALEZ-GARCIA,N. Okamura,2006,hep-ph/0411388,,Prog. Theor. Phys.|114|1045,,"N. Okamura, Prog. Theor. Phys. 114, 1045 (2006), [hep-ph/0411388]."
G175,GONZALEZ-GARCIA,H. Nunokawa,2005,hep-ph/0503283,,Phys. Rev.|D72|013009,,"H. Nunokawa, S. J. Parke and R. Zukanovich Funchal, Phys. Rev. D72, 013009 (2005), [hep-ph/0503283]."
G176,GONZALEZ-GARCIA,A. Cervera et al.,2000,hep-ph/0002108,,Nucl. Phys.|B579|17,,"A. Cervera et al., Nucl. Phys. B579, 17 (2000), [Erratum: Nucl. Phys.B593,731(2001)], [hep-ph/0002108]."
G177,GONZALEZ-GARCIA,M. Freund,2001,hep-ph/0103300,,Phys. Rev.|D64|053003,,"M. Freund, Phys. Rev. D64, 053003 (2001), [hep-ph/0103300]."
G178,GONZALEZ-GARCIA,E. K. Akhmedov et al.,2004,hep-ph/0402175,,JHEP|04|078,,"E. K. Akhmedov et al., JHEP 04, 078 (2004), [hep-ph/0402175]."
G179,GONZALEZ-GARCIA,H. Minakata et al.,2006,hep-ph/0607284,,Phys. Rev.|D74|053008,,"H. Minakata et al., Phys. Rev. D74, 053008 (2006), [hep-ph/0607284]."
G180,GONZALEZ-GARCIA,O. L. G. Peres and A. Yu. Smirnov,2004,hep-ph/0309312,,Nucl. Phys.|B680|479,,"O. L. G. Peres and A. Yu. Smirnov, Nucl. Phys. B680, 479 (2004), [hep-ph/0309312]."
G181,GONZALEZ-GARCIA,S. Petcov,1998,hep-ph/9805262,,Phys.Lett.|B434|321,,"S. Petcov, Phys.Lett. B434, 321 (1998), [hep-ph/9805262]."
G182,GONZALEZ-GARCIA,E. K. Akhmedov et al.,1999,hep-ph/9808270,,Nucl.Phys.|B542|3,,"E. K. Akhmedov et al., Nucl.Phys. B542, 3 (1999), [hep-ph/9808270]."
G183,GONZALEZ-GARCIA,E. K. Akhmedov,1999,hep-ph/9805272,,Nucl.Phys.|B538|25,,"E. K. Akhmedov, Nucl.Phys. B538, 25 (1999), [hep-ph/9805272]."
G184,GONZALEZ-GARCIA,M. Chizhov,1998,hep-ph/9810501,,,,"M. Chizhov, M. Maris and S. Petcov (1998), SISSA-53-98-EP, [hep-ph/9810501]."
G185,GONZALEZ-GARCIA,M. Chizhov and S. Petcov,1999,hep-ph/9903399,,Phys.Rev.Lett.|83|1096,,"M. Chizhov and S. Petcov, Phys.Rev.Lett. 83, 1096 (1999), [hep-ph/9903399]."
G186,GONZALEZ-GARCIA,E. K. Akhmedov,2007,hep-ph/0612285,,JHEP|0705|077,,"E. K. Akhmedov, M. Maltoni and A. Y. Smirnov, JHEP 0705, 077 (2007), [hep-ph/0612285]."
G187,GONZALEZ-GARCIA,C. Kim and U. Lee,1998,hep-ph/9809491,,Phys.Lett.|B444|204,,"C. Kim and U. Lee, Phys.Lett. B444, 204 (1998), [hep-ph/9809491]."
G188,GONZALEZ-GARCIA,O. Peres and A. Y. Smirnov,1999,hep-ph/9902312,,Phys.Lett.|B456|204,,"O. Peres and A. Y. Smirnov, Phys.Lett. B456, 204 (1999), [hep-ph/9902312]."
G189,GONZALEZ-GARCIA,M. Gonzalez-Garcia,2004,hep-ph/0408170,,Phys.Rev.|D70|093005,,"M. Gonzalez-Garcia, M. Maltoni and A. Y. Smirnov, Phys.Rev. D70, 093005 (2004), [hep-ph/0408170]."
G190,GONZALEZ-GARCIA,E. K. Akhmedov,2008,0804.1466,,JHEP|0806|072,,"E. K. Akhmedov, M. Maltoni and A. Y. Smirnov, JHEP 0806, 072 (2008), [arXiv:0804.1466]."
G191,GONZALEZ-GARCIA,J. Bernabeu,2003,hep-ph/0305152,,Nucl.Phys.|B669|255,,"J. Bernabeu, S. Palomares Ruiz and S. Petcov, Nucl.Phys. B669, 255 (2003), [hep-ph/0305152]."
G192,GONZALEZ-GARCIA,S. Petcov and T. Schwetz,2006,hep-ph/0511277,,Nucl.Phys.|B740|1,,"S. Petcov and T. Schwetz, Nucl.Phys. B740, 1 (2006), [hep-ph/0511277]."
G193,GONZALEZ-GARCIA,I. Esteban et al.,2024,2410.05380,,JHEP|12|216,,"I. Esteban et al., JHEP 12, 216 (2024), [arXiv:2410.05380]."
G194,GONZALEZ-GARCIA,F. Capozzi et al.,2025,2503.07752,,,,"F. Capozzi et al., Phys. Rev. D 111, 9, 093006 (2025), [arXiv:2503.07752]."
G195,GONZALEZ-GARCIA,M. Tortola,2024,,,,,"M. Tortola, Neutrinos global fit (2024), Talk at XV Latin American Symposium on High Energy Physics, URL https://indico.nucleares.unam.mx/event/2125/contribution/40."
G196,GONZALEZ-GARCIA,P. F. de Salas et al.,2021,2006.11237,,JHEP|02|071,,"P. F. de Salas et al., JHEP 02, 071 (2021), [arXiv:2006.11237]."
G197,GONZALEZ-GARCIA,Atmospheric neutrino oscillation analysis with neutron taggi,2024,,,,,"Atmospheric neutrino oscillation analysis with neutron tagging and an expanded fiducial volume in Super-Kamiokande I-V (2024), ZENODO."
G198,GONZALEZ-GARCIA,Data release for neutrino oscillation parameters using convo,2024,,,,,"Data release for neutrino oscillation parameters using convolutional neural networks with 9.3 years of data in IceCube DeepCore (2024), ."
G199,GONZALEZ-GARCIA,T. Wester et al. (Super-Kamiokande) (2023),2023,2311.05105,,,,"T. Wester et al. (Super-Kamiokande) (2023), [arXiv:2311.05105]."
G200,GONZALEZ-GARCIA,R. Abbasi et al. (IceCube) (2024),2024,2405.02163,,,,"R. Abbasi et al. (IceCube) (2024), [arXiv:2405.02163]."
G201,GONZALEZ-GARCIA,J. Wolcott (NOvA) FERMILAB-SLIDES-24-0130-PPD (2024).,2024,,,,,J. Wolcott (NOvA) FERMILAB-SLIDES-24-0130-PPD (2024).
G202,GONZALEZ-GARCIA,C. Jarlskog,1985,,,Phys. Rev. Lett.|55|1039,,"C. Jarlskog, Phys. Rev. Lett. 55, 1039 (1985)."
G203,GONZALEZ-GARCIA,M. C. Gonzalez-Garcia,2014,1409.5439,,JHEP|11|052,,"M. C. Gonzalez-Garcia, M. Maltoni and T. Schwetz, JHEP 11, 052 (2014), [arXiv:1409.5439]."
G204,GONZALEZ-GARCIA,Y. Farzan and A. Yu. Smirnov,2002,hep-ph/0201105,,Phys. Rev.|D65|113001,,"Y. Farzan and A. Yu. Smirnov, Phys. Rev. D65, 113001 (2002), [hep-ph/0201105]."
G205,GONZALEZ-GARCIA,A. Dueck,2010,1006.0227,,Phys. Rev.|D82|013005,,"A. Dueck, S. Petcov and W. Rodejohann, Phys. Rev. D82, 013005 (2010), [arXiv:1006.0227]."
G206,GONZALEZ-GARCIA,A. Aguilar-Arevalo et al. (MiniBooNE) (2012),2012,1207.4809,,,,"A. Aguilar-Arevalo et al. (MiniBooNE) (2012), [arXiv:1207.4809]."
G207,GONZALEZ-GARCIA,R. Acciarri et al. (MicroBooNE),2017,1612.05824,,,,"R. Acciarri et al. (MicroBooNE), JINST 12, 02, P02017 (2017), [arXiv:1612.05824]."
G208,GONZALEZ-GARCIA,P. Abratenko et al. ((MicroBooNE Collaboration)*,2025,2412.14407,,,,"P. Abratenko et al. ((MicroBooNE Collaboration)*, MicroBooNE), Phys. Rev. Lett. 135, 8, 081802 (2025), [arXiv:2412.14407]."
G209,GONZALEZ-GARCIA,G. Mention et al.,2011,1101.2755,,Phys. Rev.|D83|073006,,"G. Mention et al., Phys. Rev. D83, 073006 (2011), [arXiv:1101.2755]."
G210,GONZALEZ-GARCIA,C. Giunti et al.,2022,2110.06820,,Phys. Lett. B|829|137054,,"C. Giunti et al., Phys. Lett. B 829, 137054 (2022), [arXiv:2110.06820]."
G211,GONZALEZ-GARCIA,V. V. Barinov et al.,2022,2109.11482,,,,"V. V. Barinov et al., Phys. Rev. Lett. 128, 23, 232501 (2022), [arXiv:2109.11482]."
G212,GONZALEZ-GARCIA,M. A. Acero,2008,0711.4222,,Phys. Rev.|D78|073009,,"M. A. Acero, C. Giunti and M. Laveder, Phys. Rev. D78, 073009 (2008), [arXiv:0711.4222]."
G213,GONZALEZ-GARCIA,C. Giunti and M. Laveder,2011,1006.3244,,Phys. Rev.|C83|065504,,"C. Giunti and M. Laveder, Phys. Rev. C83, 065504 (2011), [arXiv:1006.3244]."
G214,GONZALEZ-GARCIA,C. Giunti et al.,2022,2209.00916,,JHEP|10|164,,"C. Giunti et al., JHEP 10, 164 (2022), [arXiv:2209.00916]."
G215,GONZALEZ-GARCIA,M. C. Gonzalez-Garcia,2025,2411.16840,,Phys. Lett. B|862|139297,,"M. C. Gonzalez-Garcia, M. Maltoni and J. P. Pinheiro, Phys. Lett. B 862, 139297 (2025), [arXiv:2411.16840]."
G216,GONZALEZ-GARCIA,H. Acharya et al. (KATRIN) (2025),2025,2503.18667,,,,"H. Acharya et al. (KATRIN) (2025), [arXiv:2503.18667]."
G217,GONZALEZ-GARCIA,M. Cadeddu et al. (2025),2025,2507.13103,,,,"M. Cadeddu et al. (2025), [arXiv:2507.13103]."
G218,GONZALEZ-GARCIA,J. J. Gomez-Cadenas and M. C. Gonzalez-Garcia,1996,hep-ph/9504246,,Z. Phys.|C71|443,,"J. J. Gomez-Cadenas and M. C. Gonzalez-Garcia, Z. Phys. C71, 443 (1996), [hep-ph/9504246]."
G219,GONZALEZ-GARCIA,C. Giunti and M. Laveder,2011,1109.4033,,Phys. Rev.|D84|093006,,"C. Giunti and M. Laveder, Phys. Rev. D84, 093006 (2011), [arXiv:1109.4033]."
G220,GONZALEZ-GARCIA,J. M. Conrad et al.,2013,1207.4765,,Adv. High Energy Phys.|2013|163897,,"J. M. Conrad et al., Adv. High Energy Phys. 2013, 163897 (2013), [arXiv:1207.4765]."
G221,GONZALEZ-GARCIA,J. Kopp et al.,2013,1303.3011,,JHEP|05|050,,"J. Kopp et al., JHEP 05, 050 (2013), [arXiv:1303.3011]."
G222,GONZALEZ-GARCIA,G. H. Collin et al.,2016,1607.00011,,,,"G. H. Collin et al., Phys. Rev. Lett. 117, 22, 221801 (2016), [arXiv:1607.00011]."
G223,GONZALEZ-GARCIA,S. Gariazzo et al.,2017,1703.00860,,JHEP|06|135,,"S. Gariazzo et al., JHEP 06, 135 (2017), [arXiv:1703.00860]."
G224,GONZALEZ-GARCIA,M. Dentler et al.,2018,1803.10661,,JHEP|08|010,,"M. Dentler et al., JHEP 08, 010 (2018), [arXiv:1803.10661]."
G225,GONZALEZ-GARCIA,M. A. Acero et al.,2024,2203.07323,,,,"M. A. Acero et al., J. Phys. G 51, 12, 120501 (2024), [arXiv:2203.07323]."
G226,GONZALEZ-GARCIA,M. Aker et al. (KATRIN),2025,2406.13516,,,,"M. Aker et al. (KATRIN), Science 388, 6743, adq9592 (2025), [arXiv:2406.13516]."
G227,GONZALEZ-GARCIA,J. Bonn et al.,2001,,,Nucl. Phys. B Proc. Suppl.|91|273,,"J. Bonn et al., Nucl. Phys. B Proc. Suppl. 91, 273 (2001)."
G228,GONZALEZ-GARCIA,V. M. Lobashev et al.,2001,,,Nucl. Phys. B Proc. Suppl.|91|280,,"V. M. Lobashev et al., Nucl. Phys. B Proc. Suppl. 91, 280 (2001)."
G229,GONZALEZ-GARCIA,A. Ashtari Esfahani et al. (Project 8),2023,2212.05048,,,,"A. Ashtari Esfahani et al. (Project 8), Phys. Rev. Lett. 131, 10, 102502 (2023), [arXiv:2212.05048]."
G230,GONZALEZ-GARCIA,A. De Rujula and M. Lusignoli,1982,,,,,"A. De Rujula and M. Lusignoli, Phys. Lett. 118B, 429 (1982)."
G231,GONZALEZ-GARCIA,L. Gastaldo et al.,2014,1309.5214,,,,"L. Gastaldo et al., J. Low Temp. Phys. 176, 5-6, 876 (2014), [arXiv:1309.5214]."
G232,GONZALEZ-GARCIA,B. Alpert et al.,2015,1412.5060,,,,"B. Alpert et al., Eur. Phys. J. C75, 3, 112 (2015), [arXiv:1412.5060]."
G233,GONZALEZ-GARCIA,R. E. Shrock,1980,,,,,"R. E. Shrock, Phys. Lett. 96B, 159 (1980)."
G234,GONZALEZ-GARCIA,F. Vissani,2001,hep-ph/0012018,,Nucl. Phys. B Proc. Suppl.|100|273,,"F. Vissani, Nucl. Phys. B Proc. Suppl. 100, 273 (2001), [hep-ph/0012018]."
G235,GONZALEZ-GARCIA,Y. Farzan,2001,hep-ph/0105105,,Nucl. Phys.|B612|59,,"Y. Farzan, O. L. G. Peres and A. Yu. Smirnov, Nucl. Phys. B612, 59 (2001), [hep-ph/0105105]."
G236,GONZALEZ-GARCIA,J. Schechter and J. W. F. Valle,1982,,,Phys. Rev. D|25|2951,,"J. Schechter and J. W. F. Valle, Phys. Rev. D 25, 2951 (1982)."
G237,GONZALEZ-GARCIA,J. Engel and J. Menendez,2017,1610.06548,,,,"J. Engel and J. Menendez, Rept. Prog. Phys. 80, 4, 046301 (2017), [arXiv:1610.06548]."
G238,GONZALEZ-GARCIA,S. Abe et al. (KamLAND-Zen) (2024),2024,2406.11438,,,,"S. Abe et al. (KamLAND-Zen) (2024), [arXiv:2406.11438]."
G239,GONZALEZ-GARCIA,M. Agostini et al. (GERDA),2020,2009.06079,,,,"M. Agostini et al. (GERDA), Phys. Rev. Lett. 125, 25, 252502 (2020), [arXiv:2009.06079]."
G240,GONZALEZ-GARCIA,I. J. Arnquist et al. (Majorana),2023,2207.07638,,,,"I. J. Arnquist et al. (Majorana), Phys. Rev. Lett. 130, 6, 062501 (2023), [arXiv:2207.07638]."
G241,GONZALEZ-GARCIA,N. Abgrall et al. (LEGEND) (2021),2021,2107.11462,,,,"N. Abgrall et al. (LEGEND) (2021), [arXiv:2107.11462]."
G242,GONZALEZ-GARCIA,W. H. Dai et al. (CDEX),2022,2205.10718,,,,"W. H. Dai et al. (CDEX), Phys. Rev. D 106, 3, 032012 (2022), [arXiv:2205.10718]."
G243,GONZALEZ-GARCIA,V. Albanese et al. (SNO+),2021,2104.11687,,,,"V. Albanese et al. (SNO+), JINST 16, 08, P08059 (2021), [arXiv:2104.11687]."
G244,GONZALEZ-GARCIA,G. Anton et al. (EXO-200),2019,1906.02723,,,,"G. Anton et al. (EXO-200), Phys. Rev. Lett. 123, 16, 161802 (2019), [arXiv:1906.02723]."
G245,GONZALEZ-GARCIA,G. Adhikari et al. (nEXO),2022,2106.16243,,,,"G. Adhikari et al. (nEXO), J. Phys. G 49, 1, 015104 (2022), [arXiv:2106.16243]."
G246,GONZALEZ-GARCIA,J. Renner et al. (NEXT),2018,1808.01804,,,,"J. Renner et al. (NEXT), JINST 13, 10, P10020 (2018), [arXiv:1808.01804]."
G247,GONZALEZ-GARCIA,D. Q. Adams et al. (CUORE),2022,2104.06906,,,,"D. Q. Adams et al. (CUORE), Nature 604, 7904, 53 (2022), [arXiv:2104.06906]."
G248,GONZALEZ-GARCIA,O. Azzolini et al. (CUPID),2022,2206.05130,,,,"O. Azzolini et al. (CUPID), Phys. Rev. Lett. 129, 11, 111801 (2022), [arXiv:2206.05130]."
G249,GONZALEZ-GARCIA,C. Augier et al. (CUPID),2022,2202.08716,,,,"C. Augier et al. (CUPID), Eur. Phys. J. C 82, 11, 1033 (2022), [arXiv:2202.08716]."
G250,GONZALEZ-GARCIA,V. Alenkov et al. (AMoRE),2019,1903.09483,,,,"V. Alenkov et al. (AMoRE), Eur. Phys. J. C79, 9, 791 (2019), [arXiv:1903.09483]."
G251,GONZALEZ-GARCIA,A. Agrawal et al. (AMoRE),2025,2407.05618,,,,"A. Agrawal et al. (AMoRE), Phys. Rev. Lett. 134, 8, 082501 (2025), [arXiv:2407.05618]."
G252,GONZALEZ-GARCIA,R. Arnold et al. (NEMO-3),2015,1506.05825,,,,"R. Arnold et al. (NEMO-3), Phys. Rev. D92, 7, 072011 (2015), [arXiv:1506.05825]."
