uid,bloco,fontes,citado_por_ambas,ref_ids,status,duplicata_de,inspire_id,autor_ref,primeiro_autor,n_autores,ano_ref,ano_inspire,data_inspire,arxiv,doi,journal,titulo,citacoes,citacoes_sem_auto,idade_anos,citacoes_por_ano,tipo_doc,raw,eixos,score_tema,nucleo
U0560,B28,GONZALEZ-GARCIA,NAO,G021,OK,,81350,M. Kobayashi and T. Maskawa,"Kobayashi, M.",2,1973,1973,1973-02,,,"Prog.Theor.Phys. 49, 652",CP Violation in the Renormalizable Theory of Weak Interaction,12896,12882,53,243.32,article,"M. Kobayashi and T. Maskawa, Prog. Theor. Phys. 49, 652 (1973).",pmns_cp,3,SIM
U0548,B28,AGOSTINI,NAO,A632,OK,,51345,Sakharov,"Sakharov, A.D.",1,1967,1967,1967,,,"Pisma Zh.Eksp.Teor.Fiz. 5, 32","Violation of CP Invariance, C asymmetry, and baryon asymmetry of the universe",5876,5872,59,99.59,article,"Sakharov, A D (1967), “Violation of CP Invariance, C asymmetry, and baryon asymmetry of the universe,” Pisma Zh. Eksp. Teor. Fiz. 5, 32-35.",violacao_numero_leptonico,3,SIM
U0579,B29,GONZALEZ-GARCIA,NAO,G015,OK,,153987,J. Schechter and J. W. F. Valle,Schechter,2,1980,1980,1980-06,,,"Phys. Rev. D22, 2227",Neutrino Masses in SU(2) x U(1) Theories,4227,3890,46,91.89,article,"J. Schechter and J. W. F. Valle, Phys. Rev. D22, 2227 (1980).",violacao_numero_leptonico,3,SIM
U0599,B30,GONZALEZ-GARCIA,NAO,G202,OK,,216470,C. Jarlskog,"Jarlskog, C.",1,1985,1985,1985-06,,,"Phys. Rev. Lett. 55, 1039",Commutator of the Quark Mass Matrices in the Standard Electroweak Model and a Measure of Maximal CP Violation,2328,2300,41,56.78,article,"C. Jarlskog, Phys. Rev. Lett. 55, 1039 (1985).",pmns_cp,3,SIM
U0228,B12,AGOSTINI,NAO,A353,OK,,1456929,Gando,"Gando, A.",,2016,2016,2016-05-10,1605.02889,,"Phys.Rev.Lett.,117,082503",Search for Majorana Neutrinos near the Inverted Mass Hierarchy Region with KamLAND-Zen,1336,1225,10,133.6,article,"Gando, A, et al. (KamLAND-Zen) (2016), “Search for Majorana Neutrinos near the Inverted Mass Hierarchy Region with KamLAND-Zen,” Phys. Rev. Lett. 117 (8), 082503, [Addendum: Phys.Rev.Lett. 117, 109903 (2016)], arXiv:1605.02889 [hep-ex].",majorana_natureza;seesaw_massa;experimento,7,SIM
U0593,B30,GONZALEZ-GARCIA,NAO,G236,OK,,171180,J. Schechter and J. W. F. Valle,"Schechter, J.",2,1982,1981,1981-12,,,"Phys. Rev. D 25, 2951",Neutrinoless Double beta Decay in SU(2) x U(1) Theories,1248,1141,45,27.73,article,"J. Schechter and J. W. F. Valle, Phys. Rev. D 25, 2951 (1982).",0nubb;violacao_numero_leptonico,6,SIM
U0091,B05,AGOSTINI,NAO,A112,OK,,757787,Avignone III,"Avignone, Frank T., III",3,2008,2007,2007-08,,10.1103/RevModPhys.80.481,"Rev.Mod.Phys.,80,481","Double Beta Decay, Majorana Neutrinos, and Neutrino Mass",1104,1011,19,58.11,article,"Avignone III, F T, S. R. Elliott, and J. Engel (2008), “Double beta decay, Majorana neutrinos, and neutrino mass,” Rev. Mod. Phys. 80, 481.",majorana_natureza;0nubb,6,SIM
U0102,B06,AGOSTINI,NAO,A105,OK,,811669,Atre,"Atre, Anupama",4,2009,2009,2009-01,0901.3589,10.1088/1126-6708/2009/05/030,"JHEP,0905,030",The Search for Heavy Majorana Neutrinos,1027,984,17,60.41,article,"Atre, A, T. Han, S. Pascoli, and B. Zhang (2009), “The search for heavy majorana neutrinos,” JHEP 05, 030, arXiv:0901.3589 [hep-ph].",majorana_natureza,3,SIM
U0600,B30,AGOSTINI,NAO,A277,OK,,219743,Doi,"Doi, M.",3,1985,1985,1985-08-01,,,"Prog. Theor. Phys. Suppl. 83, 1",Double beta Decay and Majorana Neutrino,922,910,41,22.49,article,"Doi, M, T. Kotani, and E. Takasugi (1985), “Double beta Decay and Majorana Neutrino,” Prog. Theor. Phys. Suppl. 83, 1.",majorana_natureza;0nubb,6,SIM
U0034,B02,AGOSTINI,NAO,A468,OK,,540672,Klapdor-Kleingrothaus,H.V. Klapdor-Kleingrothaus,15,2001,2000,2000-07,hep-ph/0103062,10.1007/s100500170022,"Eur.Phys.J.A12,147",Latest results from the Heidelberg-Moscow double beta decay experiment,863,800,26,33.19,article,"Klapdor-Kleingrothaus, H V, et al. (2001b), “Latest results from the Heidelberg-Moscow double beta decay experiment,” Eur. Phys. J. A 12, 147-154, arXiv:hep-ph/0103062.",0nubb,3,SIM
U0159,B08,AGOSTINI,NAO,A032,OK,,1243202,Agostini,"Agostini, M.",114,2013,2013,2013-07-17,1307.4720,10.1103/PhysRevLett.111.122503,"Phys.Rev.Lett.,111,122503",Results on Neutrinoless Double-beta Decay of 76Ge from Phase I of the GERDA Experiment,763,603,13,58.69,article,"Agostini, M, et al. (GERDA) (2013), “Results on Neutrinoless Double-β Decay of 76 Ge from Phase I of the GERDA Experiment,” Phys. Rev. Lett. 111 (12), 122503, arXiv:1307.4720 [nucl-ex].",0nubb;experimento,4,SIM
U0577,B29,AGOSTINI,NAO,A167,OK,,154335,Bilenky,Bilenky,3,1980,1980,1980-05,,,"Phys.Lett.B 94, 495",On Oscillations of Neutrinos with Dirac and Majorana Masses,759,596,46,16.5,article,"Bilenky, S M, J. Hosek, and S.T. Petcov (1980), “On oscillations of neutrinos with dirac and majorana masses,” Phys.Lett.B 94, 495-498.",majorana_natureza;oscilacao,5,SIM
U0668,B34,AGOSTINI,NAO,A660,OK,,475383,Suhonen,"Suhonen, J. and Civitarese, O.",2,1998,1998,1998,,,"Phys. Rept. 300, 123-214",Weak-interaction and nuclear-structure aspects of nuclear double beta decay,723,547,28,25.82,article,"Suhonen, J, and O. Civitarese (1998), Phys. Rep. 300, 124.",0nubb,3,SIM
U0033,B02,AGOSTINI,NAO,A465,OK,,569290,Klapdor-Kleingrothaus,H.V. Klapdor-Kleingrothaus,4,2001,2001,2001-01,hep-ph/0201231,10.1142/S0217732301005825,"Mod.Phys.Lett.A16,2409",Evidence for neutrinoless double beta decay,703,667,25,28.12,article,"Klapdor-Kleingrothaus, H V, A. Dietz, H. L. Harney, and I. V. Krivosheina (2001a), “Evidence for neutrinoless double beta decay,” Mod. Phys. Lett. A 16, 2409-2420, arXiv:hep-ph/0201231.",0nubb,3,SIM
U0188,B10,GONZALEZ-GARCIA,NAO,G203,OK,,1318331,M. C. Gonzalez-Garcia,"Gonzalez-Garcia, M.C.",3,2014,2014,2014-09-18,1409.5439,10.1007/JHEP11(2014)052,"JHEP,11,052",Updated fit to three neutrino mixing: status of leptonic CP violation,699,678,12,58.25,article,"M. C. Gonzalez-Garcia, M. Maltoni and T. Schwetz, JHEP 11, 052 (2014), [arXiv:1409.5439].",pmns_cp,3,SIM
U0147,B08,AGOSTINI,NAO,A479,OK,,1110717,Kotila,"Kotila, J.",2,2012,2012,2012-03,1209.5722,10.1103/PhysRevC.85.034316,"Phys.Rev.C,85,034316",Phase space factors for double-beta decay,696,655,14,49.71,article,"Kotila, J, and F. Iachello (2012b), “Phase space factors for double-β decay,” Phys. Rev. C 85, 034316, arXiv:1209.5722 [nucl-th].",0nubb;nme_nuclear,5,SIM
U0064,B04,AGOSTINI,NAO,A467,OK,,647907,Klapdor-Kleingrothaus,"Klapdor-Kleingrothaus, H.V.",4,2004,2004,2004-04,hep-ph/0404088,10.1016/j.physletb.2004.02.025,"Phys. Lett. B 586, 198",Search for neutrinoless double beta decay with enriched Ge-76 in Gran Sasso 1990-2003,688,673,22,31.27,,"Klapdor-Kleingrothaus, H V, I. V. Krivosheina, A. Dietz, and O. Chkvorets (2004), “Search for neutrinoless double beta decay with enriched Ge-76 in Gran Sasso 1990-2003,” Phys. Lett. B 586, 198-212, arXiv:hep-ph/0404088.",0nubb,3,SIM
U0312,B16,AGOSTINI,NAO,A280,OK,,1720046,Dolinski,"Dolinski, M.J.",3,2019,2019,2019-02-11,1902.04097,,"Ann.Rev.Nucl.Part.Sci.,69,219",Neutrinoless Double-Beta Decay: Status and Prospects,678,641,7,96.86,article,"Dolinski, Michelle J, Alan W. P. Poon, and Werner Rodejohann (2019), “Neutrinoless Double-Beta Decay: Status and Prospects,” Ann. Rev. Nucl. Part. Sci. 69, 219-251, arXiv:1902.04097 [nucl-ex].",0nubb,3,SIM
U0127,B07,AGOSTINI,NAO,A619,OK,,912926,Rodejohann,W. Rodejohann,1,2011,2011,2011-06,1106.1334,10.1142/S0218301311020186,"Int.J.Mod.Phys.E20,1833",Neutrino-less Double Beta Decay and Particle Physics,661,624,15,44.07,article,"Rodejohann, W (2011), “Neutrino-less Double Beta Decay and Particle Physics,” Int. J. Mod. Phys. E 20, 1833-1930, arXiv:1106.1334 [hep-ph].",0nubb,3,SIM
U0252,B13,GONZALEZ-GARCIA,NAO,G237,OK,,1493010,J. Engel and J. Menendez,"Engel, J.",2,2017,2017,2016-10-20,1610.06548,,"Rept.Prog.Phys.,80,046301",Status and Future of Nuclear Matrix Elements for Neutrinoless Double-Beta Decay: A Review,643,598,9,71.44,review,"J. Engel and J. Menendez, Rept. Prog. Phys. 80, 4, 046301 (2017), [arXiv:1610.06548].",0nubb;nme_nuclear,5,SIM
